tid,func,frame,start,latency
10613477169520456643,readFrame,0,2146196,1822
10613477169520456643,setInputPointer,0,2146472,16443
10613477169520456643,pre_process,0,2162916,0
10613477169520456643,exec_async,0,2162916,67821
10613477169520456643,wait,0,2230738,1
10613477169520456643,post_process,0,2230739,2587
10613477169520456643,displayFrame,0,2233373,2031193
10613477169520456643,readFrame,1,4265162,564
10613477169520456643,setInputPointer,1,4265182,7178
10613477169520456643,pre_process,1,4272360,0
10613477169520456643,exec_async,1,4272360,67808
10613477169520456643,wait,1,4340169,0
10613477169520456643,post_process,1,4340170,2296
10613477169520456643,displayFrame,1,4342512,9211
10613477169520456643,readFrame,2,4352243,485
10613477169520456643,setInputPointer,2,4352263,6625
10613477169520456643,pre_process,2,4358889,0
10613477169520456643,exec_async,2,4358889,67833
10613477169520456643,wait,2,4426722,1
10613477169520456643,post_process,2,4426723,2004
10613477169520456643,displayFrame,2,4428772,53869
10613477169520456643,readFrame,3,4483168,498
10613477169520456643,setInputPointer,3,4483187,6415
10613477169520456643,pre_process,3,4489602,0
10613477169520456643,exec_async,3,4489602,67825
10613477169520456643,wait,3,4557427,0
10613477169520456643,post_process,3,4557428,1999
10613477169520456643,displayFrame,3,4559474,2304
10613477169520456643,readFrame,4,4562292,490
10613477169520456643,setInputPointer,4,4562308,6850
10613477169520456643,pre_process,4,4569159,0
10613477169520456643,exec_async,4,4569159,67845
10613477169520456643,wait,4,4637004,0
10613477169520456643,post_process,4,4637005,2003
10613477169520456643,displayFrame,4,4639053,46910
10613477169520456643,readFrame,5,4686502,512
10613477169520456643,setInputPointer,5,4686520,6554
10613477169520456643,pre_process,5,4693074,0
10613477169520456643,exec_async,5,4693074,67831
10613477169520456643,wait,5,4760905,1
10613477169520456643,post_process,5,4760907,2009
10613477169520456643,displayFrame,5,4762962,234557
10613477169520456643,readFrame,6,4999033,1477
10613477169520456643,setInputPointer,6,4999077,9053
10613477169520456643,pre_process,6,5008131,0
10613477169520456643,exec_async,6,5008131,67992
10613477169520456643,wait,6,5076123,0
10613477169520456643,post_process,6,5076124,1984
10613477169520456643,displayFrame,6,5078154,4507
10613477169520456643,readFrame,7,5083669,939
10613477169520456643,setInputPointer,7,5083694,9062
10613477169520456643,pre_process,7,5092756,0
10613477169520456643,exec_async,7,5092756,67992
10613477169520456643,wait,7,5160749,1
10613477169520456643,post_process,7,5160750,1998
10613477169520456643,displayFrame,7,5162795,3859
10613477169520456643,readFrame,8,5167664,976
10613477169520456643,setInputPointer,8,5167690,9074
10613477169520456643,pre_process,8,5176764,0
10613477169520456643,exec_async,8,5176764,67992
10613477169520456643,wait,8,5244757,1
10613477169520456643,post_process,8,5244758,2001
10613477169520456643,displayFrame,8,5246804,4110
10613477169520456643,readFrame,9,5251868,912
10613477169520456643,setInputPointer,9,5251893,9021
10613477169520456643,pre_process,9,5260914,0
10613477169520456643,exec_async,9,5260914,68056
10613477169520456643,wait,9,5328971,1
10613477169520456643,post_process,9,5328972,2012
10613477169520456643,displayFrame,9,5331029,4179
10613477169520456643,readFrame,10,5336166,923
10613477169520456643,setInputPointer,10,5336211,9169
10613477169520456643,pre_process,10,5345380,0
10613477169520456643,exec_async,10,5345380,68086
10613477169520456643,wait,10,5413466,1
10613477169520456643,post_process,10,5413468,1998
10613477169520456643,displayFrame,10,5415511,4161
10613477169520456643,readFrame,11,5420666,960
10613477169520456643,setInputPointer,11,5420709,9109
10613477169520456643,pre_process,11,5429818,0
10613477169520456643,exec_async,11,5429818,68136
10613477169520456643,wait,11,5497955,1
10613477169520456643,post_process,11,5497956,2020
10613477169520456643,displayFrame,11,5500024,23401
10613477169520456643,readFrame,12,5523962,516
10613477169520456643,setInputPointer,12,5523978,6616
10613477169520456643,pre_process,12,5530594,0
10613477169520456643,exec_async,12,5530594,67866
10613477169520456643,wait,12,5598461,1
10613477169520456643,post_process,12,5598462,1996
10613477169520456643,displayFrame,12,5600503,3971
10613477169520456643,readFrame,13,5605173,628
10613477169520456643,setInputPointer,13,5605194,9131
10613477169520456643,pre_process,13,5614326,0
10613477169520456643,exec_async,13,5614326,68023
10613477169520456643,wait,13,5682349,1
10613477169520456643,post_process,13,5682350,2017
10613477169520456643,displayFrame,13,5684412,4010
10613477169520456643,readFrame,14,5689314,859
10613477169520456643,setInputPointer,14,5689339,9190
10613477169520456643,pre_process,14,5698529,0
10613477169520456643,exec_async,14,5698529,67973
10613477169520456643,wait,14,5766502,1
10613477169520456643,post_process,14,5766503,2000
10613477169520456643,displayFrame,14,5768548,3972
10613477169520456643,readFrame,15,5773526,913
10613477169520456643,setInputPointer,15,5773552,9105
10613477169520456643,pre_process,15,5782657,0
10613477169520456643,exec_async,15,5782657,68019
10613477169520456643,wait,15,5850677,1
10613477169520456643,post_process,15,5850678,1963
10613477169520456643,displayFrame,15,5852689,4065
10613477169520456643,readFrame,16,5857724,925
10613477169520456643,setInputPointer,16,5857786,9152
10613477169520456643,pre_process,16,5866938,0
10613477169520456643,exec_async,16,5866938,68046
10613477169520456643,wait,16,5934985,1
10613477169520456643,post_process,16,5934986,1965
10613477169520456643,displayFrame,16,5936995,3998
10613477169520456643,readFrame,17,5942013,937
10613477169520456643,setInputPointer,17,5942037,9090
10613477169520456643,pre_process,17,5951128,0
10613477169520456643,exec_async,17,5951128,68092
10613477169520456643,wait,17,6019220,0
10613477169520456643,post_process,17,6019221,1983
10613477169520456643,displayFrame,17,6021249,4016
10613477169520456643,readFrame,18,6026224,908
10613477169520456643,setInputPointer,18,6026246,14673
10613477169520456643,pre_process,18,6040920,0
10613477169520456643,exec_async,18,6040920,68003
10613477169520456643,wait,18,6108924,1
10613477169520456643,post_process,18,6108925,2003
10613477169520456643,displayFrame,18,6110973,4096
10613477169520456643,readFrame,19,6116219,1092
10613477169520456643,setInputPointer,19,6116253,9046
10613477169520456643,pre_process,19,6125299,0
10613477169520456643,exec_async,19,6125299,68055
10613477169520456643,wait,19,6193354,1
10613477169520456643,post_process,19,6193355,2304
10613477169520456643,displayFrame,19,6195708,4127
10613477169520456643,readFrame,20,6200915,1046
10613477169520456643,setInputPointer,20,6200941,9202
10613477169520456643,pre_process,20,6210143,0
10613477169520456643,exec_async,20,6210143,68071
10613477169520456643,wait,20,6278215,1
10613477169520456643,post_process,20,6278216,1987
10613477169520456643,displayFrame,20,6280247,4086
10613477169520456643,readFrame,21,6285315,931
10613477169520456643,setInputPointer,21,6285338,9266
10613477169520456643,pre_process,21,6294604,0
10613477169520456643,exec_async,21,6294604,68027
10613477169520456643,wait,21,6362632,0
10613477169520456643,post_process,21,6362633,1979
10613477169520456643,displayFrame,21,6364657,4031
10613477169520456643,readFrame,22,6369691,919
10613477169520456643,setInputPointer,22,6369730,9179
10613477169520456643,pre_process,22,6378909,0
10613477169520456643,exec_async,22,6378909,68124
10613477169520456643,wait,22,6447034,1
10613477169520456643,post_process,22,6447035,1997
10613477169520456643,displayFrame,22,6449078,4093
10613477169520456643,readFrame,23,6454094,871
10613477169520456643,setInputPointer,23,6454119,8845
10613477169520456643,pre_process,23,6462964,0
10613477169520456643,exec_async,23,6462964,68208
10613477169520456643,wait,23,6531172,0
10613477169520456643,post_process,23,6531173,1998
10613477169520456643,displayFrame,23,6533219,4130
10613477169520456643,readFrame,24,6538290,897
10613477169520456643,setInputPointer,24,6538333,9254
10613477169520456643,pre_process,24,6547587,0
10613477169520456643,exec_async,24,6547587,68000
10613477169520456643,wait,24,6615587,0
10613477169520456643,post_process,24,6615588,1970
10613477169520456643,displayFrame,24,6617779,4204
10613477169520456643,readFrame,25,6623007,991
10613477169520456643,setInputPointer,25,6623045,9004
10613477169520456643,pre_process,25,6632050,0
10613477169520456643,exec_async,25,6632050,67959
10613477169520456643,wait,25,6700009,1
10613477169520456643,post_process,25,6700010,2320
10613477169520456643,displayFrame,25,6702379,4567
10613477169520456643,readFrame,26,6707969,967
10613477169520456643,setInputPointer,26,6708008,9291
10613477169520456643,pre_process,26,6717300,0
10613477169520456643,exec_async,26,6717300,68063
10613477169520456643,wait,26,6785364,0
10613477169520456643,post_process,26,6785365,1987
10613477169520456643,displayFrame,26,6787397,4141
10613477169520456643,readFrame,27,6792442,870
10613477169520456643,setInputPointer,27,6792465,9765
10613477169520456643,pre_process,27,6802231,0
10613477169520456643,exec_async,27,6802231,68096
10613477169520456643,wait,27,6870327,1
10613477169520456643,post_process,27,6870329,2008
10613477169520456643,displayFrame,27,6872384,4182
10613477169520456643,readFrame,28,6877557,958
10613477169520456643,setInputPointer,28,6877581,9233
10613477169520456643,pre_process,28,6886815,0
10613477169520456643,exec_async,28,6886815,68080
10613477169520456643,wait,28,6954895,1
10613477169520456643,post_process,28,6954896,2016
10613477169520456643,displayFrame,28,6956958,4159
10613477169520456643,readFrame,29,6962166,1015
10613477169520456643,setInputPointer,29,6962209,8892
10613477169520456643,pre_process,29,6971102,0
10613477169520456643,exec_async,29,6971102,68053
10613477169520456643,wait,29,7039155,0
10613477169520456643,post_process,29,7039156,2012
10613477169520456643,displayFrame,29,7041214,3985
10613477169520456643,readFrame,30,7046169,914
10613477169520456643,setInputPointer,30,7046192,9271
10613477169520456643,pre_process,30,7055463,0
10613477169520456643,exec_async,30,7055463,68062
10613477169520456643,wait,30,7123526,1
10613477169520456643,post_process,30,7123527,1998
10613477169520456643,displayFrame,30,7125570,4066
10613477169520456643,readFrame,31,7130647,955
10613477169520456643,setInputPointer,31,7130697,8313
10613477169520456643,pre_process,31,7139011,0
10613477169520456643,exec_async,31,7139011,68004
10613477169520456643,wait,31,7207015,1
10613477169520456643,post_process,31,7207016,2007
10613477169520456643,displayFrame,31,7209070,4056
10613477169520456643,readFrame,32,7214047,868
10613477169520456643,setInputPointer,32,7214070,9111
10613477169520456643,pre_process,32,7223181,0
10613477169520456643,exec_async,32,7223181,68006
10613477169520456643,wait,32,7291188,1
10613477169520456643,post_process,32,7291189,1989
10613477169520456643,displayFrame,32,7293223,3965
10613477169520456643,readFrame,33,7298169,947
10613477169520456643,setInputPointer,33,7298193,9021
10613477169520456643,pre_process,33,7307214,0
10613477169520456643,exec_async,33,7307214,67967
10613477169520456643,wait,33,7375181,1
10613477169520456643,post_process,33,7375182,1955
10613477169520456643,displayFrame,33,7377182,3984
10613477169520456643,readFrame,34,7381972,691
10613477169520456643,setInputPointer,34,7382169,8551
10613477169520456643,pre_process,34,7390721,0
10613477169520456643,exec_async,34,7390721,67941
10613477169520456643,wait,34,7458663,0
10613477169520456643,post_process,34,7458664,2013
10613477169520456643,displayFrame,34,7460722,3992
10613477169520456643,readFrame,35,7465448,691
10613477169520456643,setInputPointer,35,7465486,8807
10613477169520456643,pre_process,35,7474294,0
10613477169520456643,exec_async,35,7474294,68026
10613477169520456643,wait,35,7542320,1
10613477169520456643,post_process,35,7542321,2031
10613477169520456643,displayFrame,35,7544401,4002
10613477169520456643,readFrame,36,7549073,619
10613477169520456643,setInputPointer,36,7549147,8689
10613477169520456643,pre_process,36,7557837,0
10613477169520456643,exec_async,36,7557837,68073
10613477169520456643,wait,36,7625910,1
10613477169520456643,post_process,36,7625911,2044
10613477169520456643,displayFrame,36,7628001,3984
10613477169520456643,readFrame,37,7632689,664
10613477169520456643,setInputPointer,37,7632713,8689
10613477169520456643,pre_process,37,7641403,0
10613477169520456643,exec_async,37,7641403,68039
10613477169520456643,wait,37,7709442,0
10613477169520456643,post_process,37,7709443,2067
10613477169520456643,displayFrame,37,7711556,4044
10613477169520456643,readFrame,38,7716307,655
10613477169520456643,setInputPointer,38,7716340,8807
10613477169520456643,pre_process,38,7725148,0
10613477169520456643,exec_async,38,7725148,67924
10613477169520456643,wait,38,7793073,1
10613477169520456643,post_process,38,7793074,2046
10613477169520456643,displayFrame,38,7795166,4304
10613477169520456643,readFrame,39,7800189,663
10613477169520456643,setInputPointer,39,7800230,8599
10613477169520456643,pre_process,39,7808829,0
10613477169520456643,exec_async,39,7808829,68032
10613477169520456643,wait,39,7876861,0
10613477169520456643,post_process,39,7876862,2035
10613477169520456643,displayFrame,39,7878944,4047
10613477169520456643,readFrame,40,7883747,680
10613477169520456643,setInputPointer,40,7883783,8431
10613477169520456643,pre_process,40,7892214,0
10613477169520456643,exec_async,40,7892214,68046
10613477169520456643,wait,40,7960261,0
10613477169520456643,post_process,40,7960262,2007
10613477169520456643,displayFrame,40,7962315,3952
10613477169520456643,readFrame,41,7967138,819
10613477169520456643,setInputPointer,41,7967175,8181
10613477169520456643,pre_process,41,7975356,0
10613477169520456643,exec_async,41,7975356,67992
10613477169520456643,wait,41,8043349,1
10613477169520456643,post_process,41,8043350,1995
10613477169520456643,displayFrame,41,8045390,3974
10613477169520456643,readFrame,42,8050090,690
10613477169520456643,setInputPointer,42,8050113,8806
10613477169520456643,pre_process,42,8058920,0
10613477169520456643,exec_async,42,8058920,67943
10613477169520456643,wait,42,8126863,0
10613477169520456643,post_process,42,8126864,1994
10613477169520456643,displayFrame,42,8128904,3982
10613477169520456643,readFrame,43,8133662,717
10613477169520456643,setInputPointer,43,8133700,8472
10613477169520456643,pre_process,43,8142173,0
10613477169520456643,exec_async,43,8142173,67974
10613477169520456643,wait,43,8210147,0
10613477169520456643,post_process,43,8210148,2004
10613477169520456643,displayFrame,43,8212199,3946
10613477169520456643,readFrame,44,8216858,666
10613477169520456643,setInputPointer,44,8216968,8700
10613477169520456643,pre_process,44,8225669,0
10613477169520456643,exec_async,44,8225669,67984
10613477169520456643,wait,44,8293653,0
10613477169520456643,post_process,44,8293654,2030
10613477169520456643,displayFrame,44,8295729,3970
10613477169520456643,readFrame,45,8300458,712
10613477169520456643,setInputPointer,45,8300496,8490
10613477169520456643,pre_process,45,8308986,0
10613477169520456643,exec_async,45,8308986,68019
10613477169520456643,wait,45,8377006,1
10613477169520456643,post_process,45,8377007,2013
10613477169520456643,displayFrame,45,8379066,4009
10613477169520456643,readFrame,46,8383860,731
10613477169520456643,setInputPointer,46,8383890,8398
10613477169520456643,pre_process,46,8392289,0
10613477169520456643,exec_async,46,8392289,67993
10613477169520456643,wait,46,8460282,1
10613477169520456643,post_process,46,8460283,2010
10613477169520456643,displayFrame,46,8462337,3960
10613477169520456643,readFrame,47,8467062,729
10613477169520456643,setInputPointer,47,8467089,8549
10613477169520456643,pre_process,47,8475638,0
10613477169520456643,exec_async,47,8475638,68057
10613477169520456643,wait,47,8543695,1
10613477169520456643,post_process,47,8543696,2035
10613477169520456643,displayFrame,47,8545777,4015
10613477169520456643,readFrame,48,8550525,679
10613477169520456643,setInputPointer,48,8550560,14048
10613477169520456643,pre_process,48,8564609,0
10613477169520456643,exec_async,48,8564609,68013
10613477169520456643,wait,48,8632622,0
10613477169520456643,post_process,48,8632623,2011
10613477169520456643,displayFrame,48,8634678,3941
10613477169520456643,readFrame,49,8639436,781
10613477169520456643,setInputPointer,49,8639484,8186
10613477169520456643,pre_process,49,8647670,0
10613477169520456643,exec_async,49,8647670,67919
10613477169520456643,wait,49,8715590,0
10613477169520456643,post_process,49,8715591,2000
10613477169520456643,displayFrame,49,8717802,4019
10613477169520456643,readFrame,50,8722701,843
10613477169520456643,setInputPointer,50,8722738,8300
10613477169520456643,pre_process,50,8731038,0
10613477169520456643,exec_async,50,8731038,68055
10613477169520456643,wait,50,8799094,1
10613477169520456643,post_process,50,8799095,1971
10613477169520456643,displayFrame,50,8801299,4186
10613477169520456643,readFrame,51,8806242,664
10613477169520456643,setInputPointer,51,8806269,7901
10613477169520456643,pre_process,51,8814170,0
10613477169520456643,exec_async,51,8814170,68176
10613477169520456643,wait,51,8882347,0
10613477169520456643,post_process,51,8882348,1987
10613477169520456643,displayFrame,51,8884383,3990
10613477169520456643,readFrame,52,8889086,672
10613477169520456643,setInputPointer,52,8889110,8088
10613477169520456643,pre_process,52,8897198,0
10613477169520456643,exec_async,52,8897198,67991
10613477169520456643,wait,52,8965190,0
10613477169520456643,post_process,52,8965191,1990
10613477169520456643,displayFrame,52,8967225,3969
10613477169520456643,readFrame,53,8971922,694
10613477169520456643,setInputPointer,53,8971953,8189
10613477169520456643,pre_process,53,8980142,0
10613477169520456643,exec_async,53,8980142,68028
10613477169520456643,wait,53,9048171,1
10613477169520456643,post_process,53,9048172,1977
10613477169520456643,displayFrame,53,9050194,4167
10613477169520456643,readFrame,54,9055093,667
10613477169520456643,setInputPointer,54,9055126,8224
10613477169520456643,pre_process,54,9063350,0
10613477169520456643,exec_async,54,9063350,67906
10613477169520456643,wait,54,9131257,0
10613477169520456643,post_process,54,9131258,1965
10613477169520456643,displayFrame,54,9133267,3942
10613477169520456643,readFrame,55,9137964,719
10613477169520456643,setInputPointer,55,9138007,8288
10613477169520456643,pre_process,55,9146295,0
10613477169520456643,exec_async,55,9146295,67919
10613477169520456643,wait,55,9214214,1
10613477169520456643,post_process,55,9214215,2005
10613477169520456643,displayFrame,55,9216266,4008
10613477169520456643,readFrame,56,9221160,810
10613477169520456643,setInputPointer,56,9221183,8212
10613477169520456643,pre_process,56,9229396,0
10613477169520456643,exec_async,56,9229396,68004
10613477169520456643,wait,56,9297400,1
10613477169520456643,post_process,56,9297401,1998
10613477169520456643,displayFrame,56,9299445,4044
10613477169520456643,readFrame,57,9304266,724
10613477169520456643,setInputPointer,57,9304304,8224
10613477169520456643,pre_process,57,9312529,0
10613477169520456643,exec_async,57,9312529,67941
10613477169520456643,wait,57,9380471,0
10613477169520456643,post_process,57,9380472,1992
10613477169520456643,displayFrame,57,9382508,4060
10613477169520456643,readFrame,58,9387315,696
10613477169520456643,setInputPointer,58,9387354,8456
10613477169520456643,pre_process,58,9395810,0
10613477169520456643,exec_async,58,9395810,68007
10613477169520456643,wait,58,9463817,1
10613477169520456643,post_process,58,9463819,1998
10613477169520456643,displayFrame,58,9465862,3981
10613477169520456643,readFrame,59,9470791,913
10613477169520456643,setInputPointer,59,9470817,8506
10613477169520456643,pre_process,59,9479323,0
10613477169520456643,exec_async,59,9479323,67976
10613477169520456643,wait,59,9547300,0
10613477169520456643,post_process,59,9547301,1968
10613477169520456643,displayFrame,59,9549317,3955
10613477169520456643,readFrame,60,9554134,769
10613477169520456643,setInputPointer,60,9554172,8172
10613477169520456643,pre_process,60,9562344,0
10613477169520456643,exec_async,60,9562344,68007
10613477169520456643,wait,60,9630352,1
10613477169520456643,post_process,60,9630353,1999
10613477169520456643,displayFrame,60,9632397,3955
10613477169520456643,readFrame,61,9637105,717
10613477169520456643,setInputPointer,61,9637133,8411
10613477169520456643,pre_process,61,9645545,0
10613477169520456643,exec_async,61,9645545,68078
10613477169520456643,wait,61,9713624,1
10613477169520456643,post_process,61,9713625,2009
10613477169520456643,displayFrame,61,9715679,4009
10613477169520456643,readFrame,62,9720590,847
10613477169520456643,setInputPointer,62,9720615,8565
10613477169520456643,pre_process,62,9729180,0
10613477169520456643,exec_async,62,9729180,68045
10613477169520456643,wait,62,9797225,0
10613477169520456643,post_process,62,9797226,1979
10613477169520456643,displayFrame,62,9799251,4436
10613477169520456643,readFrame,63,9804460,726
10613477169520456643,setInputPointer,63,9804489,8639
10613477169520456643,pre_process,63,9813129,0
10613477169520456643,exec_async,63,9813129,68116
10613477169520456643,wait,63,9881246,0
10613477169520456643,post_process,63,9881247,2025
10613477169520456643,displayFrame,63,9883318,3995
10613477169520456643,readFrame,64,9888129,761
10613477169520456643,setInputPointer,64,9888166,8614
10613477169520456643,pre_process,64,9896781,0
10613477169520456643,exec_async,64,9896781,67949
10613477169520456643,wait,64,9964730,1
10613477169520456643,post_process,64,9964731,1997
10613477169520456643,displayFrame,64,9966772,3986
10613477169520456643,readFrame,65,9971611,800
10613477169520456643,setInputPointer,65,9971649,8128
10613477169520456643,pre_process,65,9979777,0
10613477169520456643,exec_async,65,9979777,67941
10613477169520456643,wait,65,10047719,0
10613477169520456643,post_process,65,10047720,1991
10613477169520456643,displayFrame,65,10049756,3955
10613477169520456643,readFrame,66,10054544,798
10613477169520456643,setInputPointer,66,10054584,8331
10613477169520456643,pre_process,66,10062916,0
10613477169520456643,exec_async,66,10062916,68012
10613477169520456643,wait,66,10130928,1
10613477169520456643,post_process,66,10130929,1986
10613477169520456643,displayFrame,66,10132959,4003
10613477169520456643,readFrame,67,10137808,784
10613477169520456643,setInputPointer,67,10137848,8248
10613477169520456643,pre_process,67,10146097,0
10613477169520456643,exec_async,67,10146097,67948
10613477169520456643,wait,67,10214046,1
10613477169520456643,post_process,67,10214047,2001
10613477169520456643,displayFrame,67,10216096,4100
10613477169520456643,readFrame,68,10221006,769
10613477169520456643,setInputPointer,68,10221032,8352
10613477169520456643,pre_process,68,10229384,0
10613477169520456643,exec_async,68,10229384,68063
10613477169520456643,wait,68,10297447,0
10613477169520456643,post_process,68,10297448,1998
10613477169520456643,displayFrame,68,10299491,4027
10613477169520456643,readFrame,69,10304388,818
10613477169520456643,setInputPointer,69,10304413,8135
10613477169520456643,pre_process,69,10312549,0
10613477169520456643,exec_async,69,10312549,68043
10613477169520456643,wait,69,10380592,0
10613477169520456643,post_process,69,10380593,2008
10613477169520456643,displayFrame,69,10382647,3996
10613477169520456643,readFrame,70,10387483,788
10613477169520456643,setInputPointer,70,10387526,8224
10613477169520456643,pre_process,70,10395751,0
10613477169520456643,exec_async,70,10395751,67992
10613477169520456643,wait,70,10463743,0
10613477169520456643,post_process,70,10463744,1974
10613477169520456643,displayFrame,70,10465762,5466
10613477169520456643,readFrame,71,10472005,741
10613477169520456643,setInputPointer,71,10472032,8275
10613477169520456643,pre_process,71,10480307,0
10613477169520456643,exec_async,71,10480307,68077
10613477169520456643,wait,71,10548385,0
10613477169520456643,post_process,71,10548386,1984
10613477169520456643,displayFrame,71,10550432,4071
10613477169520456643,readFrame,72,10555268,715
10613477169520456643,setInputPointer,72,10555337,8248
10613477169520456643,pre_process,72,10563586,0
10613477169520456643,exec_async,72,10563586,68027
10613477169520456643,wait,72,10631613,0
10613477169520456643,post_process,72,10631614,1983
10613477169520456643,displayFrame,72,10633643,4148
10613477169520456643,readFrame,73,10638607,781
10613477169520456643,setInputPointer,73,10638633,8219
10613477169520456643,pre_process,73,10646852,0
10613477169520456643,exec_async,73,10646852,68049
10613477169520456643,wait,73,10714901,1
10613477169520456643,post_process,73,10714903,2018
10613477169520456643,displayFrame,73,10717142,4034
10613477169520456643,readFrame,74,10722048,826
10613477169520456643,setInputPointer,74,10722081,8237
10613477169520456643,pre_process,74,10730319,0
10613477169520456643,exec_async,74,10730319,68134
10613477169520456643,wait,74,10798453,1
10613477169520456643,post_process,74,10798454,2007
10613477169520456643,displayFrame,74,10800506,4414
10613477169520456643,readFrame,75,10805547,591
10613477169520456643,setInputPointer,75,10805572,8096
10613477169520456643,pre_process,75,10813669,0
10613477169520456643,exec_async,75,10813669,68018
10613477169520456643,wait,75,10881687,0
10613477169520456643,post_process,75,10881688,2030
10613477169520456643,displayFrame,75,10883765,3977
10613477169520456643,readFrame,76,10888528,731
10613477169520456643,setInputPointer,76,10888576,8397
10613477169520456643,pre_process,76,10896974,0
10613477169520456643,exec_async,76,10896974,68113
10613477169520456643,wait,76,10965088,1
10613477169520456643,post_process,76,10965089,2007
10613477169520456643,displayFrame,76,10967142,3985
10613477169520456643,readFrame,77,10971917,716
10613477169520456643,setInputPointer,77,10971954,8199
10613477169520456643,pre_process,77,10980153,0
10613477169520456643,exec_async,77,10980153,67899
10613477169520456643,wait,77,11048053,1
10613477169520456643,post_process,77,11048054,1969
10613477169520456643,displayFrame,77,11050068,4026
10613477169520456643,readFrame,78,11054969,820
10613477169520456643,setInputPointer,78,11054993,8198
10613477169520456643,pre_process,78,11063191,0
10613477169520456643,exec_async,78,11063191,67959
10613477169520456643,wait,78,11131151,1
10613477169520456643,post_process,78,11131152,1998
10613477169520456643,displayFrame,78,11133196,4509
10613477169520456643,readFrame,79,11138643,842
10613477169520456643,setInputPointer,79,11138670,8012
10613477169520456643,pre_process,79,11146682,0
10613477169520456643,exec_async,79,11146682,68014
10613477169520456643,wait,79,11214697,0
10613477169520456643,post_process,79,11214698,1998
10613477169520456643,displayFrame,79,11216743,4801
10613477169520456643,readFrame,80,11222265,686
10613477169520456643,setInputPointer,80,11222288,8586
10613477169520456643,pre_process,80,11230875,0
10613477169520456643,exec_async,80,11230875,67991
10613477169520456643,wait,80,11298866,0
10613477169520456643,post_process,80,11298867,1957
10613477169520456643,displayFrame,80,11300869,4557
10613477169520456643,readFrame,81,11306342,816
10613477169520456643,setInputPointer,81,11306368,8409
10613477169520456643,pre_process,81,11314778,0
10613477169520456643,exec_async,81,11314778,68054
10613477169520456643,wait,81,11382833,0
10613477169520456643,post_process,81,11382834,1995
10613477169520456643,displayFrame,81,11384876,4707
10613477169520456643,readFrame,82,11390338,719
10613477169520456643,setInputPointer,82,11390363,8675
10613477169520456643,pre_process,82,11399038,0
10613477169520456643,exec_async,82,11399038,68036
10613477169520456643,wait,82,11467074,0
10613477169520456643,post_process,82,11467075,1973
10613477169520456643,displayFrame,82,11469093,4600
10613477169520456643,readFrame,83,11474614,869
10613477169520456643,setInputPointer,83,11474674,8593
10613477169520456643,pre_process,83,11483268,0
10613477169520456643,exec_async,83,11483268,68007
10613477169520456643,wait,83,11551276,1
10613477169520456643,post_process,83,11551277,1957
10613477169520456643,displayFrame,83,11553282,4602
10613477169520456643,readFrame,84,11558729,794
10613477169520456643,setInputPointer,84,11558757,8619
10613477169520456643,pre_process,84,11567376,0
10613477169520456643,exec_async,84,11567376,68053
10613477169520456643,wait,84,11635430,0
10613477169520456643,post_process,84,11635431,1974
10613477169520456643,displayFrame,84,11637450,4641
10613477169520456643,readFrame,85,11643046,920
10613477169520456643,setInputPointer,85,11643072,8537
10613477169520456643,pre_process,85,11651609,0
10613477169520456643,exec_async,85,11651609,68006
10613477169520456643,wait,85,11719616,0
10613477169520456643,post_process,85,11719617,1991
10613477169520456643,displayFrame,85,11721652,4044
10613477169520456643,readFrame,86,11726548,801
10613477169520456643,setInputPointer,86,11726574,9025
10613477169520456643,pre_process,86,11735599,0
10613477169520456643,exec_async,86,11735599,67988
10613477169520456643,wait,86,11803588,1
10613477169520456643,post_process,86,11803589,2286
10613477169520456643,displayFrame,86,11805919,3992
10613477169520456643,readFrame,87,11810780,816
10613477169520456643,setInputPointer,87,11810825,8449
10613477169520456643,pre_process,87,11819274,0
10613477169520456643,exec_async,87,11819274,68039
10613477169520456643,wait,87,11887313,1
10613477169520456643,post_process,87,11887314,1983
10613477169520456643,displayFrame,87,11889344,4135
10613477169520456643,readFrame,88,11894240,718
10613477169520456643,setInputPointer,88,11894265,8195
10613477169520456643,pre_process,88,11902460,0
10613477169520456643,exec_async,88,11902460,68021
10613477169520456643,wait,88,11970482,1
10613477169520456643,post_process,88,11970483,1974
10613477169520456643,displayFrame,88,11972502,4156
10613477169520456643,readFrame,89,11977435,742
10613477169520456643,setInputPointer,89,11977459,8119
10613477169520456643,pre_process,89,11985579,0
10613477169520456643,exec_async,89,11985579,67989
10613477169520456643,wait,89,12053569,0
10613477169520456643,post_process,89,12053570,2159
10613477169520456643,displayFrame,89,12055774,3977
10613477169520456643,readFrame,90,12060639,818
10613477169520456643,setInputPointer,90,12060663,9016
10613477169520456643,pre_process,90,12069679,0
10613477169520456643,exec_async,90,12069679,67966
10613477169520456643,wait,90,12137646,1
10613477169520456643,post_process,90,12137647,2008
10613477169520456643,displayFrame,90,12139701,4060
10613477169520456643,readFrame,91,12144522,707
10613477169520456643,setInputPointer,91,12144569,8902
10613477169520456643,pre_process,91,12153472,0
10613477169520456643,exec_async,91,12153472,68095
10613477169520456643,wait,91,12221567,1
10613477169520456643,post_process,91,12221568,1994
10613477169520456643,displayFrame,91,12223609,4029
10613477169520456643,readFrame,92,12228461,771
10613477169520456643,setInputPointer,92,12228505,8225
10613477169520456643,pre_process,92,12236731,0
10613477169520456643,exec_async,92,12236731,68044
10613477169520456643,wait,92,12304775,1
10613477169520456643,post_process,92,12304776,2026
10613477169520456643,displayFrame,92,12306847,4001
10613477169520456643,readFrame,93,12311655,748
10613477169520456643,setInputPointer,93,12311693,8909
10613477169520456643,pre_process,93,12320603,0
10613477169520456643,exec_async,93,12320603,68018
10613477169520456643,wait,93,12388621,1
10613477169520456643,post_process,93,12388622,1998
10613477169520456643,displayFrame,93,12390666,4120
10613477169520456643,readFrame,94,12395607,788
10613477169520456643,setInputPointer,94,12395631,9494
10613477169520456643,pre_process,94,12405126,0
10613477169520456643,exec_async,94,12405126,68132
10613477169520456643,wait,94,12473258,1
10613477169520456643,post_process,94,12473259,1985
10613477169520456643,displayFrame,94,12475290,3997
10613477169520456643,readFrame,95,12480025,639
10613477169520456643,setInputPointer,95,12480138,8064
10613477169520456643,pre_process,95,12488203,0
10613477169520456643,exec_async,95,12488203,67963
10613477169520456643,wait,95,12556166,1
10613477169520456643,post_process,95,12556167,1973
10613477169520456643,displayFrame,95,12558188,4028
10613477169520456643,readFrame,96,12563020,754
10613477169520456643,setInputPointer,96,12563061,8084
10613477169520456643,pre_process,96,12571146,0
10613477169520456643,exec_async,96,12571146,68035
10613477169520456643,wait,96,12639181,0
10613477169520456643,post_process,96,12639182,1971
10613477169520456643,displayFrame,96,12641200,3951
10613477169520456643,readFrame,97,12646015,817
10613477169520456643,setInputPointer,97,12646053,8167
10613477169520456643,pre_process,97,12654221,0
10613477169520456643,exec_async,97,12654221,68048
10613477169520456643,wait,97,12722269,0
10613477169520456643,post_process,97,12722270,2008
10613477169520456643,displayFrame,97,12724486,4062
10613477169520456643,readFrame,98,12729345,747
10613477169520456643,setInputPointer,98,12729414,8586
10613477169520456643,pre_process,98,12738001,0
10613477169520456643,exec_async,98,12738001,68626
10613477169520456643,wait,98,12806627,1
10613477169520456643,post_process,98,12806628,2012
10613477169520456643,displayFrame,98,12808688,6742
10613477169520456643,readFrame,99,12816478,1012
10613477169520456643,setInputPointer,99,12816505,8654
10613477169520456643,pre_process,99,12825159,0
10613477169520456643,exec_async,99,12825159,67988
10613477169520456643,wait,99,12893148,1
10613477169520456643,post_process,99,12893149,2018
10613477169520456643,displayFrame,99,12895215,4928
